file,offset,character
With_import/bell/pennylane_bell.py,96,:
With_import/bell/qsharp_bell.qs,147,:
With_import/DJ/pennylane_dj.py,96,:
With_import/DJ/qsharp_dj.qs,148,:
With_import/GHZ/pennylane_ghz.py,96,:
With_import/GHZ/qsharp_ghz.qs,185,:
With_import/Grover/pennylane_grover.py,95,:
With_import/Grover/qsharp_grover.qs,147,:
With_import/P_ansatz/pennylane_ansatz.py,100,:
With_import/P_ansatz/qsharp_ansatz.qs,132,:
With_import/P_ansatz/qsharp_ansatz.qs,142,:
With_import/qaoa/cirq_qaoa.py,172,:
With_import/qaoa/cirq_qaoa.py,224,:
With_import/qaoa/cirq_qaoa.py,316,:
With_import/qaoa/cirq_qaoa.py,379,:
With_import/qaoa/pennylane_qaoa.py,110,:
With_import/qaoa/pennylane_qaoa.py,133,:
With_import/qaoa/pennylane_qaoa.py,186,:
With_import/qaoa/pennylane_qaoa.py,256,:
With_import/qaoa/qiskit_qaoa.py,247,:
With_import/qaoa/qiskit_qaoa.py,282,:
With_import/qaoa/qiskit_qaoa.py,339,:
With_import/qaoa/qiskit_qaoa.py,385,:
With_import/qaoa/qsharp_qaoa.qs,133,:
With_import/qaoa/qsharp_qaoa.qs,148,:
With_import/qaoa/qsharp_qaoa.qs,158,:
With_import/QFT/pennylane_qft.py,111,:
With_import/QFT/qsharp_qft.qs,134,:
With_import/teleport/pennylane_teleport.py,102,:
With_import/teleport/qiskit_teleport.py,313,:
With_import/teleport/qiskit_teleport.py,358,:
With_import/teleport/qsharp_teleport.qs,150,:
Without_import/bell/pennylane_bell.py,72,:
Without_import/bell/qsharp_bell.qs,22,:
Without_import/DJ/pennylane_dj.py,72,:
Without_import/DJ/qsharp_dj.qs,25,:
Without_import/GHZ/pennylane_ghz.py,72,:
Without_import/GHZ/qsharp_ghz.qs,21,:
Without_import/Grover/pennylane_grover.py,71,:
Without_import/Grover/qsharp_grover.qs,20,:
Without_import/P_ansatz/pennylane_ansatz.py,76,:
Without_import/P_ansatz/qsharp_ansatz.qs,23,:
Without_import/P_ansatz/qsharp_ansatz.qs,33,:
Without_import/qaoa/cirq_qaoa.py,128,:
Without_import/qaoa/cirq_qaoa.py,180,:
Without_import/qaoa/cirq_qaoa.py,272,:
Without_import/qaoa/cirq_qaoa.py,335,:
Without_import/qaoa/pennylane_qaoa.py,86,:
Without_import/qaoa/pennylane_qaoa.py,109,:
Without_import/qaoa/pennylane_qaoa.py,162,:
Without_import/qaoa/pennylane_qaoa.py,232,:
Without_import/qaoa/qiskit_qaoa.py,140,:
Without_import/qaoa/qiskit_qaoa.py,175,:
Without_import/qaoa/qiskit_qaoa.py,232,:
Without_import/qaoa/qiskit_qaoa.py,278,:
Without_import/qaoa/qsharp_qaoa.qs,26,:
Without_import/qaoa/qsharp_qaoa.qs,41,:
Without_import/qaoa/qsharp_qaoa.qs,51,:
Without_import/QFT/pennylane_qft.py,68,:
Without_import/QFT/qsharp_qft.qs,17,:
Without_import/teleport/pennylane_teleport.py,78,:
Without_import/teleport/qiskit_teleport.py,243,:
Without_import/teleport/qiskit_teleport.py,288,:
Without_import/teleport/qsharp_teleport.qs,21,:
