metric,condition,comparison,W,p,r,p_bh
effort,With import,Cirq vs PennyLane,3.0,0.0390625,0.8333333333333334,0.078125
effort,With import,Cirq vs Qiskit,12.0,0.4609375,0.3333333333333333,0.69140625
effort,With import,Cirq vs Q#,17.0,0.9453125,0.05555555555555555,0.9453125
effort,With import,PennyLane vs Qiskit,0.0,0.0078125,-1.0,0.0234375
effort,With import,PennyLane vs Q#,0.0,0.0078125,-1.0,0.0234375
effort,With import,Qiskit vs Q#,16.0,0.84375,-0.1111111111111111,0.9453125
effort,Without import,Cirq vs PennyLane,4.0,0.0546875,0.7777777777777778,0.065625
effort,Without import,Cirq vs Qiskit,0.0,0.0078125,-1.0,0.015625
effort,Without import,Cirq vs Q#,13.0,0.546875,0.2777777777777778,0.546875
effort,Without import,PennyLane vs Qiskit,0.0,0.0078125,-1.0,0.015625
effort,Without import,PennyLane vs Q#,1.0,0.015625,-0.9444444444444444,0.0234375
effort,Without import,Qiskit vs Q#,0.0,0.0078125,1.0,0.015625
volume,With import,Cirq vs PennyLane,0.0,0.0078125,1.0,0.015625
volume,With import,Cirq vs Qiskit,9.0,0.25,0.5,0.25
volume,With import,Cirq vs Q#,7.0,0.1484375,-0.6111111111111112,0.178125
volume,With import,PennyLane vs Qiskit,0.0,0.0078125,-1.0,0.015625
volume,With import,PennyLane vs Q#,0.0,0.0078125,-1.0,0.015625
volume,With import,Qiskit vs Q#,1.0,0.015625,-0.9444444444444444,0.0234375
volume,Without import,Cirq vs PennyLane,0.0,0.0078125,1.0,0.015625
volume,Without import,Cirq vs Qiskit,5.0,0.078125,0.7222222222222222,0.09375
volume,Without import,Cirq vs Q#,10.0,0.3125,0.4444444444444444,0.3125
volume,Without import,PennyLane vs Qiskit,0.0,0.0078125,-1.0,0.015625
volume,Without import,PennyLane vs Q#,0.0,0.0078125,-1.0,0.015625
volume,Without import,Qiskit vs Q#,1.0,0.015625,-0.9444444444444444,0.0234375
difficulty,With import,Cirq vs PennyLane,14.0,0.640625,0.2222222222222222,0.7421875
difficulty,With import,Cirq vs Qiskit,8.0,0.1875,-0.5555555555555556,0.375
difficulty,With import,Cirq vs Q#,11.0,0.3828125,0.3888888888888889,0.57421875
difficulty,With import,PennyLane vs Qiskit,7.0,0.1484375,-0.6111111111111112,0.375
difficulty,With import,PennyLane vs Q#,15.0,0.7421875,0.16666666666666666,0.7421875
difficulty,With import,Qiskit vs Q#,6.0,0.109375,0.6666666666666666,0.375
difficulty,Without import,Cirq vs PennyLane,10.0,0.3125,-0.4444444444444444,0.375
difficulty,Without import,Cirq vs Qiskit,0.0,0.0078125,-1.0,0.015625
difficulty,Without import,Cirq vs Q#,9.0,0.25,-0.5,0.375
difficulty,Without import,PennyLane vs Qiskit,0.0,0.0078125,-1.0,0.015625
difficulty,Without import,PennyLane vs Q#,16.0,0.84375,0.1111111111111111,0.84375
difficulty,Without import,Qiskit vs Q#,0.0,0.0078125,1.0,0.015625
