,,effort,effort,effort,volume,volume,volume,difficulty,difficulty,difficulty
,,mean,std,median,mean,std,median,mean,std,median
sdk,dataset,,,,,,,,,
Cirq,With import,21577.261,16818.048,17864.314,717.665,309.367,741.556,26.283,10.667,24.088
Cirq,Without import,21810.346,17648.144,16746.027,689.171,302.091,699.484,27.428,11.563,24.35
PennyLane,With import,14218.778,10370.964,13005.461,510.072,195.922,491.457,25.091,8.45,26.458
PennyLane,Without import,15440.239,11966.053,14091.738,471.902,188.482,457.371,29.16,10.444,30.365
Qiskit,With import,20626.935,14701.295,16035.002,681.988,231.784,656.757,27.375,10.259,25.5
Qiskit,Without import,28672.948,23316.971,20328.294,584.81,215.179,544.581,43.444,18.493,38.166
Q#,With import,21180.389,13444.453,15506.08,790.804,261.811,710.406,24.746,7.382,22.651
Q#,Without import,21011.866,15088.818,15069.035,657.967,242.884,591.833,28.857,9.973,26.469
