,effort,effort,volume,volume,difficulty,difficulty
,mean,std,mean,std,mean,std
circuit,,,,,,
Bell,5003.637,1570.024,302.512,68.722,16.508,3.78
GHZ,8159.245,2905.738,419.588,104.441,19.315,4.76
Ansatz,13808.656,3513.07,594.202,132.716,23.389,4.374
QAOA,15732.415,2255.912,600.116,96.36,26.53,4.022
QFT,24997.847,5407.878,800.969,166.819,31.398,4.769
DJ,15331.669,3130.863,553.398,85.761,28.028,6.207
Teleport,28429.879,8719.399,755.657,119.235,37.382,10.011
Grover,53075.416,12680.073,1077.936,164.459,49.833,13.187
