file,matches_with_import_minus_preamble
Without_import/bell/cirq_bell.py,True
Without_import/bell/pennylane_bell.py,True
Without_import/bell/qiskit_bell.py,True
Without_import/bell/qsharp_bell.qs,True
Without_import/GHZ/cirq_ghz.py,True
Without_import/GHZ/pennylane_ghz.py,True
Without_import/GHZ/qiskit_ghz.py,True
Without_import/GHZ/qsharp_ghz.qs,True
Without_import/DJ/cirq_dj.py,True
Without_import/DJ/pennylane_dj.py,True
Without_import/DJ/qiskit_dj.py,True
Without_import/DJ/qsharp_dj.qs,True
Without_import/P_ansatz/cirq_ansatz.py,True
Without_import/P_ansatz/pennylane_ansatz.py,True
Without_import/P_ansatz/qiskit_ansatz.py,True
Without_import/P_ansatz/qsharp_ansatz.qs,True
Without_import/QFT/cirq_qft.py,True
Without_import/QFT/pennylane_qft.py,True
Without_import/QFT/qiskit_qft.py,True
Without_import/QFT/qsharp_qft.qs,True
Without_import/qaoa/cirq_qaoa.py,True
Without_import/qaoa/pennylane_qaoa.py,True
Without_import/qaoa/qiskit_qaoa.py,True
Without_import/qaoa/qsharp_qaoa.qs,True
Without_import/teleport/cirq_teleport.py,True
Without_import/teleport/pennylane_teleport.py,True
Without_import/teleport/qiskit_teleport.py,True
Without_import/teleport/qsharp_teleport.qs,True
Without_import/Grover/cirq_grover.py,True
Without_import/Grover/pennylane_grover.py,True
Without_import/Grover/qiskit_grover.py,True
Without_import/Grover/qsharp_grover.qs,True
