benchmark,sdk,file,width,notes,branches,measured,fidelity,leaked,status,seconds,dist_only
bell,cirq,With_import/bell/cirq_bell.py,2,,1,0 1,1.0000000000000004,-4.440892098500626e-16,pass,0.0,
bell,pennylane,With_import/bell/pennylane_bell.py,2,,1,0 1,0.9999999999999996,2.220446049250313e-16,pass,0.0,
bell,qiskit,With_import/bell/qiskit_bell.py,2,,1,0 1,0.9999999999999996,2.220446049250313e-16,pass,0.0,
bell,qsharp,With_import/bell/qsharp_bell.qs,2,classical feed-forward after measurement (2 branches): compared output distributions only (TVD=0.0e+00),2,0 1,1.0,0.0,pass-dist,0.26,True
GHZ,cirq,With_import/GHZ/cirq_ghz.py,3,,1,0 1 2,1.0000000000000004,-4.440892098500626e-16,pass,0.0,
GHZ,pennylane,With_import/GHZ/pennylane_ghz.py,3,,1,0 1 2,0.9999999999999996,2.220446049250313e-16,pass,0.0,
GHZ,qiskit,With_import/GHZ/qiskit_ghz.py,3,,1,0 1 2,0.9999999999999996,2.220446049250313e-16,pass,0.0,
GHZ,qsharp,With_import/GHZ/qsharp_ghz.qs,0,QSharpError: Error: Qubit0 released while not in |0⟩ state Call stack:,0,,,,ERROR,0.26,
DJ,cirq,With_import/DJ/cirq_dj.py,3,,1,0 1,1.0000000000000022,-2.4424906541753444e-15,pass,0.0,
DJ,pennylane,With_import/DJ/pennylane_dj.py,3,,1,0 1,0.9999999999999991,7.771561172376096e-16,pass,0.0,
DJ,qiskit,With_import/DJ/qiskit_dj.py,3,,1,0 1,0.9999999999999991,7.771561172376096e-16,pass,0.0,
DJ,qsharp,With_import/DJ/qsharp_dj.qs,3,"measured qubits [0, 1, 2] != expected [0, 1]; classical feed-forward after measurement (2 branches): compared output distributions only (TVD=1.7e-16)",2,0 1 2,0.9999999999999998,0.0,FAIL,0.27,True
P_ansatz,cirq,With_import/P_ansatz/cirq_ansatz.py,3,"measured qubits [] != expected [0, 1, 2]",1,,0.9999999999999996,2.220446049250313e-16,FAIL,0.0,
P_ansatz,pennylane,With_import/P_ansatz/pennylane_ansatz.py,0,ValueError: expectation-value outputs are not computational-basis measurements,0,,,,ERROR,0.0,
P_ansatz,qiskit,With_import/P_ansatz/qiskit_ansatz.py,3,"measured qubits [] != expected [0, 1, 2]",1,,0.9999999999999996,2.220446049250313e-16,FAIL,0.0,
P_ansatz,qsharp,With_import/P_ansatz/qsharp_ansatz.qs,3,"measured qubits [] != expected [0, 1, 2]",1,,0.9999999999999996,2.220446049250313e-16,FAIL,0.26,
QFT,cirq,With_import/QFT/cirq_qft.py,3,"measured qubits [] != expected [0, 1, 2]",1,,1.0000000000000013,-1.3322676295501878e-15,FAIL,0.0,
QFT,pennylane,With_import/QFT/pennylane_qft.py,0,NameError: name 'np' is not defined,0,,,,ERROR,0.0,
QFT,qiskit,With_import/QFT/qiskit_qft.py,3,"measured qubits [] != expected [0, 1, 2]",1,,0.9999999999999996,4.440892098500626e-16,FAIL,0.0,
QFT,qsharp,With_import/QFT/qsharp_qft.qs,3,"measured qubits [] != expected [0, 1, 2]",1,,0.9999999999999993,9.992007221626409e-16,FAIL,0.27,
qaoa,cirq,With_import/qaoa/cirq_qaoa.py,3,"measured qubits [] != expected [0, 1, 2]; fidelity 0.125000 < 1",1,,0.12499999999999997,0.0,FAIL,0.0,
qaoa,pennylane,With_import/qaoa/pennylane_qaoa.py,3,"measured qubits [] != expected [0, 1, 2]; fidelity 0.125000 < 1",1,,0.12500000000000003,0.0,FAIL,0.0,
qaoa,qiskit,With_import/qaoa/qiskit_qaoa.py,3,"measured qubits [] != expected [0, 1, 2]; fidelity 0.125000 < 1",1,,0.12500000000000003,0.0,FAIL,0.0,
qaoa,qsharp,With_import/qaoa/qsharp_qaoa.qs,3,"measured qubits [] != expected [0, 1, 2]; fidelity 0.512964 < 1",1,,0.5129639591457108,2.220446049250313e-16,FAIL,0.27,
teleport,cirq,With_import/teleport/cirq_teleport.py,3,"measured qubits [0, 1] != expected [0, 1, 2]",4,0 1,0.9999999999999996,2.220446049250313e-16,FAIL,0.0,
teleport,pennylane,With_import/teleport/pennylane_teleport.py,3,"measured qubits [0, 1] != expected [0, 1, 2]",4,0 1,0.9999999999999996,2.220446049250313e-16,FAIL,0.0,
teleport,qiskit,With_import/teleport/qiskit_teleport.py,3,"measured qubits [0, 1] != expected [0, 1, 2]",4,0 1,0.9999999999999996,2.220446049250313e-16,FAIL,0.0,
teleport,qsharp,With_import/teleport/qsharp_teleport.qs,3,"measured qubits [0, 1] != expected [0, 1, 2]",4,0 1,0.9999999999999996,2.220446049250313e-16,FAIL,0.26,
Grover,cirq,With_import/Grover/cirq_grover.py,3,"measured qubits [] != expected [0, 1, 2]; fidelity 0.140625 < 1",1,,0.14062500000000067,-4.884981308350689e-15,FAIL,0.0,
Grover,pennylane,With_import/Grover/pennylane_grover.py,3,"measured qubits [] != expected [0, 1, 2]; fidelity 0.140625 < 1",1,,0.14062499999999975,1.7763568394002505e-15,FAIL,0.0,
Grover,qiskit,With_import/Grover/qiskit_grover.py,3,"measured qubits [] != expected [0, 1, 2]; fidelity 0.140625 < 1",1,,0.14062499999999975,1.7763568394002505e-15,FAIL,0.0,
Grover,qsharp,With_import/Grover/qsharp_grover.qs,3,fidelity 0.140625 < 1,1,0 1 2,0.1406249999999996,2.4424906541753444e-15,FAIL,0.27,
