dataset,circuit,sdk,n1,n2,N1,N2,vocabulary,length,volume,difficulty,effort
With_import,bell,cirq_bell,10,10,38,26,20,64,276.6033980727912,13.0,3595.844174946286
With_import,bell,pennylane_bell,14,11,32,23,25,55,255.41209043760983,14.636363636363637,3738.304232768653
With_import,bell,qiskit_bell,12,12,44,31,24,75,343.8721875540867,15.5,5330.018907088343
With_import,bell,qsharp_bell,17,16,57,31,33,88,443.9066825035439,16.46875,7310.588177480238
With_import,DJ,cirq_dj,11,11,76,46,22,122,544.0506574737502,23.0,12513.165121896254
With_import,DJ,pennylane_dj,15,12,59,42,27,101,480.2436377185103,26.25,12606.395490110895
With_import,DJ,qiskit_dj,13,13,77,51,26,128,601.6562839220597,25.5,15342.235240012524
With_import,DJ,qsharp_dj,18,17,96,45,35,141,723.2289053892403,23.823529411764707,17229.86509897896
With_import,GHZ,cirq_ghz,10,12,54,36,22,90,401.34884567735673,15.0,6020.232685160351
With_import,GHZ,pennylane_ghz,14,12,40,28,26,68,319.62990083359426,16.333333333333336,5220.621713615374
With_import,GHZ,qiskit_ghz,12,13,60,41,25,101,469.02947516724714,18.923076923076923,8875.480837780215
With_import,GHZ,qsharp_ghz,17,19,77,44,36,121,625.5609251745198,19.68421052631579,12313.672948172127
With_import,Grover,cirq_grover,13,13,174,90,26,264,1240.9160855892483,45.0,55841.22385151617
With_import,Grover,pennylane_grover,15,14,104,78,29,182,884.152541113218,41.785714285714285,36944.94546794518
With_import,Grover,qiskit_grover,14,13,144,87,27,231,1098.3790129997612,46.84615384615385,51454.83222437343
With_import,Grover,qsharp_grover,19,18,172,72,37,244,1271.1066212134638,38.0,48302.05160611162
With_import,P_ansatz,cirq_ansatz,13,16,94,58,29,152,738.4131112593909,23.5625,17398.8589340494
With_import,P_ansatz,pennylane_ansatz,14,13,51,38,27,89,423.18498769254865,20.46153846153846,8659.015902016763
With_import,P_ansatz,qiskit_ansatz,13,17,77,57,30,134,657.5233398115415,21.794117647058822,14330.141023539773
With_import,P_ansatz,qsharp_ansatz,15,20,87,49,35,136,697.5824903045154,18.375,12818.078259345471
With_import,qaoa,cirq_qaoa,19,22,82,57,41,139,744.6997286419137,24.613636363636363,18329.76832089074
With_import,qaoa,pennylane_qaoa,20,15,58,40,35,98,502.6697356606067,26.666666666666664,13404.526284282845
With_import,qaoa,qiskit_qaoa,19,19,74,51,38,125,655.9909391804481,25.5,16727.768949101428
With_import,qaoa,qsharp_qaoa,19,23,67,52,42,119,641.6857733106725,21.478260869565215,13782.294435455313
With_import,QFT,cirq_qft,14,18,115,75,32,190,950.0,29.166666666666668,27708.333333333336
With_import,QFT,pennylane_qft,16,16,68,55,32,123,615.0,27.5,16912.5
With_import,QFT,qiskit_qft,14,18,92,70,32,162,810.0,27.22222222222222,22050.0
With_import,QFT,qsharp_qft,21,20,136,55,41,191,1023.292432882054,28.875,29547.56899946931
With_import,teleport,cirq_teleport,16,13,114,60,29,174,845.2886931521975,36.92307692307692,31210.65943946575
With_import,teleport,pennylane_teleport,17,16,68,51,33,119,600.2829002036559,27.09375,16263.914827392802
With_import,teleport,qiskit_teleport,16,14,101,66,30,167,819.4507294666226,37.714285714285715,30904.998939884055
With_import,teleport,qsharp_teleport,22,19,114,54,41,168,900.068736775838,31.263157894736842,28138.991033939357
Without_import,bell,cirq_bell,10,9,38,24,19,62,263.3715058335023,13.333333333333332,3511.62007778003
Without_import,bell,pennylane_bell,14,8,32,19,22,51,227.43101255050217,16.625,3781.0405836520986
Without_import,bell,qiskit_bell,12,6,42,25,18,67,279.3849750966349,25.0,6984.624377415872
Without_import,bell,qsharp_bell,15,9,51,21,24,72,330.1173000519232,17.5,5777.052750908656
Without_import,DJ,cirq_dj,11,10,76,44,21,120,527.0780907334513,24.200000000000003,12755.289795749522
Without_import,DJ,pennylane_dj,15,9,59,38,24,97,444.7413625699521,31.666666666666668,14083.476481381818
Without_import,DJ,qiskit_dj,13,7,75,45,20,120,518.6313713864835,41.785714285714285,21671.38230436377
Without_import,DJ,qsharp_dj,16,10,90,35,26,125,587.5549647676364,28.0,16451.53901349382
Without_import,GHZ,cirq_ghz,10,11,54,34,21,88,386.5239332045309,15.454545454545453,5973.551694979114
Without_import,GHZ,pennylane_ghz,14,9,40,24,23,64,289.50796518764884,18.666666666666664,5404.148683502777
Without_import,GHZ,qiskit_ghz,12,7,58,35,19,93,395.0572587502534,30.0,11851.717762507602
Without_import,GHZ,qsharp_ghz,15,11,70,30,26,100,470.04397181410917,20.454545454545453,9614.535787106777
Without_import,Grover,cirq_grover,13,12,174,88,25,262,1216.6903217209779,47.666666666666664,57995.572002033274
Without_import,Grover,pennylane_grover,15,11,104,74,26,178,836.6782698291144,50.45454545454545,42214.2217959235
Without_import,Grover,qiskit_grover,14,7,142,81,21,223,979.4867852796636,81.0,79338.42960765275
Without_import,Grover,qsharp_grover,17,11,166,62,28,228,1096.0769222291337,47.909090909090914,52512.04891043214
Without_import,P_ansatz,cirq_ansatz,13,15,94,54,28,148,711.4885284645253,23.400000000000002,16648.831566069894
Without_import,P_ansatz,pennylane_ansatz,14,10,51,34,24,85,389.7218125612983,23.8,9275.3791389589
Without_import,P_ansatz,qiskit_ansatz,13,9,75,46,22,121,539.591225855113,33.22222222222222,17926.419614519862
Without_import,P_ansatz,qsharp_ansatz,15,13,85,39,28,124,596.1120103351428,22.5,13412.520232540714
Without_import,qaoa,cirq_qaoa,19,19,82,49,38,131,687.4785042611097,24.5,16843.22335439719
Without_import,qaoa,pennylane_qaoa,20,12,58,36,32,94,470.0,30.0,14100.0
Without_import,qaoa,qiskit_qaoa,19,11,72,40,30,112,549.5717467081541,34.54545454545455,18985.2057953726
Without_import,qaoa,qsharp_qaoa,19,16,65,42,35,107,548.8332828131114,24.9375,13686.529990151965
Without_import,QFT,cirq_qft,14,15,115,69,29,184,893.8685031034732,32.199999999999996,28782.565799931835
Without_import,QFT,pennylane_qft,16,12,68,47,28,115,552.8458160366245,31.333333333333332,17322.50223581423
Without_import,QFT,qiskit_qft,14,10,90,60,24,150,687.7443751081734,42.0,28885.26375454328
Without_import,QFT,qsharp_qft,19,13,130,45,32,175,875.0,32.88461538461539,28774.038461538465
Without_import,teleport,cirq_teleport,16,12,114,58,28,172,826.8650465939079,38.666666666666664,31972.115134964435
Without_import,teleport,pennylane_teleport,17,13,68,47,30,115,564.2924184949796,30.73076923076923,17341.140091441874
Without_import,teleport,qiskit_teleport,16,8,99,60,24,159,729.0090376146638,60.0,43740.54225687983
Without_import,teleport,qsharp_teleport,20,12,108,44,32,152,760.0,36.666666666666664,27866.666666666664
