Metric,Comparison,Test,Effect Size (r / d),Raw p,BH-corrected p,Significant (BH α=0.05)
effort,Cirq vs PennyLane,Wilcoxon,0.8235,0.00213623046875,0.0042724609375,True
effort,Cirq vs Q#,Wilcoxon,0.1618,0.596588134765625,0.596588134765625,False
effort,Cirq vs Qiskit,Wilcoxon,0.4412,0.129730224609375,0.15567626953125,False
effort,PennyLane vs Q#,Wilcoxon,0.9706,9.1552734375e-05,0.000274658203125,True
effort,PennyLane vs Qiskit,Wilcoxon,1.0,3.0517578125e-05,0.00018310546875,True
effort,Qiskit vs Q#,Wilcoxon,0.5147,0.07391357421875,0.110870361328125,False
volume,Cirq vs PennyLane,Wilcoxon,1.0,3.0517578125e-05,6.103515625e-05,True
volume,Cirq vs Q#,Wilcoxon,0.1618,0.596588134765625,0.596588134765625,False
volume,Cirq vs Qiskit,Wilcoxon,0.6618,0.01824951171875,0.0218994140625,True
volume,PennyLane vs Q#,Wilcoxon,1.0,3.0517578125e-05,6.103515625e-05,True
volume,PennyLane vs Qiskit,Wilcoxon,1.0,3.0517578125e-05,6.103515625e-05,True
volume,Qiskit vs Q#,Wilcoxon,0.9559,0.000152587890625,0.0002288818359375,True
difficulty,Cirq vs PennyLane,Wilcoxon,0.1765,0.5618896484375,0.75860595703125,False
difficulty,Cirq vs Q#,Wilcoxon,0.0,1.0,1.0,False
difficulty,Cirq vs Qiskit,Wilcoxon,0.8824,0.0020896484202033616,0.004179296840406723,True
difficulty,PennyLane vs Q#,Wilcoxon,0.1471,0.632171630859375,0.75860595703125,False
difficulty,PennyLane vs Qiskit,Wilcoxon,0.8971,0.000579833984375,0.001739501953125,True
difficulty,Qiskit vs Q#,Wilcoxon,0.9118,0.00042724609375,0.001739501953125,True
